全国地方公共団体コード,都道府県名,市区町村名,公表_年月日,発症_年月日,患者_居住地,患者_年代,患者_性別,患者_職業,患者_状態,患者_症状,患者_渡航歴の有無フラグ,患者_退院済フラグ,備考
160008,富山県,,2020-03-30,,富山市,20代,女,卒業生,軽症・中等症,,0,0,
160008,富山県,,2020-03-31,,南砺市,20代,女,看護師,軽症・中等症,,0,0,
160008,富山県,,2020-03-31,,富山市,20代,女,保育士,無症状,,0,0,
160008,富山県,,2020-03-31,,富山市,20代,女,就職予定者,軽症・中等症,,0,0,
160008,富山県,,2020-04-01,,射水市,20代,男,新規採用教員,軽症・中等症,,0,0,
160008,富山県,,2020-04-01,,富山市,50代,女,介護施設職員,軽症・中等症,,0,0,
160008,富山県,,2020-04-01,,富山市,20代,男,会社員,無症状,,0,0,
160008,富山県,,2020-04-02,,射水市,50代,女,国家公務員,軽症・中等症,,0,0,
160008,富山県,,2020-04-04,,富山市,20代,女,飲食店店員,軽症・中等症,,0,0,
160008,富山県,,2020-04-04,,富山市,50代,男,ライブハウス経営者,軽症・中等症,,0,0,
160008,富山県,,2020-04-05,,富山市,40代,女,保育士,軽症・中等症,,0,0,
160008,富山県,,2020-04-06,,富山市,20代,男,会社員,軽症・中等症,,0,0,
160008,富山県,,2020-04-07,,富山市,10代,男,中学生,軽症・中等症,,0,0,
160008,富山県,,2020-04-08,,高岡市,30代,男,会社員,軽症・中等症,,0,0,
160008,富山県,,2020-04-08,,富山市,30代,女,保育園職員,軽症・中等症,,0,0,
160008,富山県,,2020-04-09,,東京都,20代,女,学生,軽症・中等症,,0,0,
160008,富山県,,2020-04-09,,富山市,70代,女,保育園長,軽症・中等症,,0,0,
160008,富山県,,2020-04-09,,富山市,40代,女,会社員,軽症・中等症,,0,0,
160008,富山県,,2020-04-09,,富山市,50代,女,看護師,軽症・中等症,,0,0,
160008,富山県,,2020-04-09,,富山市,40代,男,会社員,軽症・中等症,,0,0,
160008,富山県,,2020-04-09,,富山市,60代,男,医師,軽症・中等症,,0,0,
160008,富山県,,2020-04-10,,富山市,50代,女,パート従業員,軽症・中等症,,0,0,
160008,富山県,,2020-04-10,,朝日町,10代,女,無職,軽症・中等症,,0,0,
160008,富山県,,2020-04-11,,富山市,30代,女,看護師,軽症・中等症,,0,0,
160008,富山県,,2020-04-11,,富山市,70代,女,患者,軽症・中等症,,0,0,
160008,富山県,,2020-04-11,,富山市,40代,女,会社員,軽症・中等症,,0,0,
160008,富山県,,2020-04-11,,富山市,30代,男,会社員,軽症・中等症,,0,0,
160008,富山県,,2020-04-11,,富山市,40代,女,無職,軽症・中等症,,0,0,
160008,富山県,,2020-04-11,,富山市,10歳未満,男,,軽症・中等症,,0,0,
160008,富山県,,2020-04-11,,富山市,60代,男,会社員,軽症・中等症,,0,0,
160008,富山県,,2020-04-12,,富山市,20代,男,看護師,軽症・中等症,,0,0,
160008,富山県,,2020-04-12,,富山市,20代,女,看護師,軽症・中等症,,0,0,
160008,富山県,,2020-04-12,,富山市,30代,女,看護師,軽症・中等症,,0,0,
160008,富山県,,2020-04-12,,富山市,40代,男,患者,無症状,,0,0,
160008,富山県,,2020-04-12,,富山市,80代,女,患者,軽症・中等症,,0,0,
160008,富山県,,2020-04-12,,富山市,90歳以上,女,患者,軽症・中等症,,0,0,
160008,富山県,,2020-04-12,,富山市,70代,女,患者,軽症・中等症,,0,0,
160008,富山県,,2020-04-12,,富山市,60代,女,患者,無症状,,0,0,
160008,富山県,,2020-04-12,,富山市,70代,女,患者,軽症・中等症,,0,0,
160008,富山県,,2020-04-12,,富山市,80代,女,患者,軽症・中等症,,0,0,
160008,富山県,,2020-04-12,,富山市,50代,女,会社員,軽症・中等症,,0,0,
160008,富山県,,2020-04-12,,富山市,70代,女,患者,軽症・中等症,,0,0,
160008,富山県,,2020-04-12,,金沢市,40代,男,医師,無症状,,0,0,
160008,富山県,,2020-04-12,,富山市,30代,男,医師,軽症・中等症,,0,0,
160008,富山県,,2020-04-13,,朝日町,50代,男,会社員,軽症・中等症,,0,0,
160008,富山県,,2020-04-13,,氷見市,70代,男,無職,無症状,,0,0,
160008,富山県,,2020-04-13,,氷見市,70代,女,無職,軽症・中等症,,0,0,
160008,富山県,,2020-04-13,,射水市,30代,男,病院職員,軽症・中等症,,0,0,
160008,富山県,,2020-04-13,,高岡市,30代,女,看護師,軽症・中等症,,0,0,
160008,富山県,,2020-04-14,,高岡市,40代,男,病院職員,無症状,,0,0,
160008,富山県,,2020-04-14,,富山市,70代,男,無職,軽症・中等症,,0,0,
160008,富山県,,2020-04-14,,富山市,60代,男,会社員,軽症・中等症,,0,0,
160008,富山県,,2020-04-14,,立山町,50代,女,患者,軽症・中等症,,0,0,
160008,富山県,,2020-04-14,,富山市,50代,女,患者,軽症・中等症,,0,0,
160008,富山県,,2020-04-14,,富山市,70代,男,患者,無症状,,0,0,
160008,富山県,,2020-04-15,,富山市,80代,女,無職,軽症・中等症,,0,0,
160008,富山県,,2020-04-15,,富山市,40代,男,会社員,軽症・中等症,,0,0,
160008,富山県,,2020-04-15,,富山市,20代,女,会社員,軽症・中等症,,0,0,
160008,富山県,,2020-04-15,,富山市,20代,女,保育士,軽症・中等症,,0,0,
160008,富山県,,2020-04-15,,富山市,50代,女,自営業,軽症・中等症,,0,0,
160008,富山県,,2020-04-15,,富山市,40代,男,会社員,軽症・中等症,,0,0,
160008,富山県,,2020-04-15,,富山市,10代,女,中学生,無症状,,,,
160008,富山県,,2020-04-15,,富山市,10歳未満,男,小学生,無症状,,,,
160008,富山県,,2020-04-16,,富山市,50代,女,保育士,軽症・中等症,,0,0,
160008,富山県,,2020-04-16,,富山市,50代,男,公務員,軽症・中等症,,0,0,
160008,富山県,,2020-04-16,,富山市,80代,女,患者,軽症・中等症,,,0,
160008,富山県,,2020-04-16,,富山市,70代,女,患者,無症状,,,0,
160008,富山県,,2020-04-16,,富山市,30代,男,会社員,軽症・中等症,,0,0,
160008,富山県,,2020-04-16,,富山市,50代,女,パート従業員,無症状,,0,0,
160008,富山県,,2020-04-17,,富山市,50代,男,会社員,軽症・中等症,,0,0,
160008,富山県,,2020-04-17,,富山市,50代,女,会社員,軽症・中等症,,0,0,
160008,富山県,,2020-04-17,,富山市,30代,女,無職,軽症・中等症,,0,0,
160008,富山県,,2020-04-17,,富山市,40代,男,会社員,軽症・中等症,,0,0,
160008,富山県,,2020-04-17,,富山市,50代,男,会社員,軽症・中等症,,0,0,
160008,富山県,,2020-04-17,,富山市,20代,女,社会福祉施設職員,軽症・中等症,,,,
160008,富山県,,2020-04-17,,富山市,80代,女,施設入所者,軽症・中等症,,,0,
160008,富山県,,2020-04-17,,富山市,60代,男,パート従業員,軽症・中等症,,0,0,
160008,富山県,,2020-04-17,,富山市,70代,女,無職,軽症・中等症,,0,0,
160008,富山県,,2020-04-17,,富山市,80代,女,無職,軽症・中等症,,0,0,
160008,富山県,,2020-04-18,,富山市,90歳以上,女,施設入所者,死亡,,,1,
160008,富山県,,2020-04-18,,富山市,90歳以上,女,患者,無症状,,,0,
160008,富山県,,2020-04-18,,富山市,50代,男,患者,無症状,,,0,
160008,富山県,,2020-04-18,,射水市,30代,女,自営業,軽症・中等症,,0,0,
160008,富山県,,2020-04-18,,富山市,80代,女,施設入所者,軽症・中等症,,,0,
160008,富山県,,2020-04-18,,富山市,60代,女,教員,軽症・中等症,,0,0,
160008,富山県,,2020-04-18,,富山市,90歳以上,男,無職,軽症・中等症,,0,0,
160008,富山県,,2020-04-18,,富山市,40代,女,介護福祉士,軽症・中等症,,0,0,
160008,富山県,,2020-04-18,,富山市,20代,女,会社員,軽症・中等症,,0,0,
160008,富山県,,2020-04-18,,富山市,20代,男,介護職員,無症状,,0,0,
160008,富山県,,2020-04-18,,富山市,10歳未満,女,,無症状,,0,0,
160008,富山県,,2020-04-18,,富山市,30代,女,看護師,軽症・中等症,,0,0,
160008,富山県,,2020-04-18,,富山市,40代,女,看護師,軽症・中等症,,0,0,
160008,富山県,,2020-04-19,,富山市,40代,男,会社員,軽症・中等症,,,0,
160008,富山県,,2020-04-19,,富山市,90歳以上,女,施設入所者,軽症・中等症,,0,0,
160008,富山県,,2020-04-19,,富山市,20代,女,看護師,軽症・中等症,,0,0,
160008,富山県,,2020-04-20,,富山市,80代,男,施設入所者,軽症・中等症,,0,0,
160008,富山県,,2020-04-20,,立山町,40代,女,看護師,軽症・中等症,,0,0,
160008,富山県,,2020-04-20,,富山市,80代,男,施設入所者,軽症・中等症,,,,
160008,富山県,,2020-04-20,,富山市,70代,女,施設入所者,軽症・中等症,,,,
160008,富山県,,2020-04-20,,富山市,90歳以上,男,施設入所者,軽症・中等症,,,,
160008,富山県,,2020-04-20,,富山市,90歳以上,女,施設入所者,軽症・中等症,,,,
160008,富山県,,2020-04-20,,富山市,90歳以上,女,施設入所者,軽症・中等症,,,,
160008,富山県,,2020-04-20,,富山市,80代,女,施設入所者,軽症・中等症,,,,
160008,富山県,,2020-04-20,,富山市,80代,女,施設入所者,軽症・中等症,,,,
160008,富山県,,2020-04-20,,富山市,80代,男,施設入所者,軽症・中等症,,,,
160008,富山県,,2020-04-20,,富山市,90歳以上,女,施設入所者,軽症・中等症,,,,
160008,富山県,,2020-04-20,,富山市,80代,男,施設入所者,軽症・中等症,,,,
160008,富山県,,2020-04-20,,富山市,80代,女,施設入所者,軽症・中等症,,,,
160008,富山県,,2020-04-20,,富山市,90歳以上,女,施設入所者,軽症・中等症,,,,
160008,富山県,,2020-04-20,,富山市,90歳以上,女,施設入所者,軽症・中等症,,,,
160008,富山県,,2020-04-20,,富山市,90歳以上,女,施設入所者,軽症・中等症,,,,
160008,富山県,,2020-04-20,,富山市,90歳以上,女,施設入所者,軽症・中等症,,,,
160008,富山県,,2020-04-20,,富山市,70代,男,施設入所者,軽症・中等症,,,,
160008,富山県,,2020-04-20,,富山市,80代,女,施設入所者,軽症・中等症,,,,
160008,富山県,,2020-04-20,,富山市,60代,男,無職,軽症・中等症,,,,
160008,富山県,,2020-04-21,,上市町,50代,女,介護福祉士,軽症・中等症,,0,0,
160008,富山県,,2020-04-21,,富山市,80代,女,施設入所者,軽症・中等症,,,,
160008,富山県,,2020-04-21,,富山市,90歳以上,女,施設入所者,軽症・中等症,,,,
160008,富山県,,2020-04-21,,富山市,90歳以上,女,施設入所者,軽症・中等症,,,,
160008,富山県,,2020-04-21,,富山市,90歳以上,女,施設入所者,軽症・中等症,,,,
160008,富山県,,2020-04-21,,富山市,90歳以上,女,施設入所者,軽症・中等症,,,,
160008,富山県,,2020-04-21,,富山市,80代,女,施設入所者,軽症・中等症,,,,
160008,富山県,,2020-04-21,,富山市,70代,女,施設入所者,軽症・中等症,,,,
160008,富山県,,2020-04-21,,富山市,30代,男,看護師,軽症・中等症,,0,0,
160008,富山県,,2020-04-21,,富山市,40代,女,看護師,軽症・中等症,,0,0,
160008,富山県,,2020-04-21,,富山市,40代,女,看護師,軽症・中等症,,0,0,
160008,富山県,,2020-04-21,,射水市,20代,女,教員,軽症・中等症,,0,0,
160008,富山県,,2020-04-21,,富山市,10歳未満,女,小学生,無症状,,0,,
160008,富山県,,2020-04-21,,富山市,10歳未満,男,小学生,無症状,,0,,
160008,富山県,,2020-04-21,,富山市,10歳未満,女,小学生,無症状,,0,,
160008,富山県,,2020-04-21,,富山市,80代,女,無職,軽症・中等症,,0,0,
160008,富山県,,2020-04-22,,富山市,80代,女,施設入所者,軽症・中等症,,,,
160008,富山県,,2020-04-22,,富山市,80代,女,施設入所者,軽症・中等症,,,,
160008,富山県,,2020-04-22,,富山市,80代,女,施設入所者,軽症・中等症,,,,
160008,富山県,,2020-04-22,,富山市,90歳以上,女,施設入所者,軽症・中等症,,,,
160008,富山県,,2020-04-22,,富山市,40代,女,看護師,軽症・中等症,,0,0,
160008,富山県,,2020-04-22,,富山市,50代,女,看護師,軽症・中等症,,0,0,
160008,富山県,,2020-04-22,,富山市,70代,女,無職,軽症・中等症,,0,0,
160008,富山県,,2020-04-22,,射水市,30代,女,看護師,無症状,,0,0,
160008,富山県,,2020-04-22,,富山市,80代,男,施設入所者,軽症・中等症,,,,
160008,富山県,,2020-04-22,,富山市,10代,女,,軽症・中等症,,0,0,
160008,富山県,,2020-04-22,,富山市,90歳以上,女,無職,軽症・中等症,,0,0,
160008,富山県,,2020-04-23,,高岡市,50代,男,会社員,軽症・中等症,,0,0,
160008,富山県,,2020-04-23,,富山市,90歳以上,女,施設入所者,軽症・中等症,,,,
160008,富山県,,2020-04-23,,富山市,90歳以上,女,施設入所者,無症状,,,,
160008,富山県,,2020-04-23,,富山市,90歳以上,女,施設入所者,軽症・中等症,,,,
160008,富山県,,2020-04-23,,富山市,70代,女,施設入所者,無症状,,,,
160008,富山県,,2020-04-23,,上市町,40代,女,看護師,軽症・中等症,,0,0,
160008,富山県,,2020-04-23,,富山市,50代,男,自営業,軽症・中等症,,0,0,
160008,富山県,,2020-04-23,,滑川市,80代,女,無職,軽症・中等症,,0,0,
160008,富山県,,2020-04-23,,富山市,10歳未満,男,未就学児,軽症・中等症,,0,0,
160008,富山県,,2020-04-23,,富山市,40代,男,会社員,軽症・中等症,,0,0,
160008,富山県,,2020-04-23,,富山市,30代,女,会社員,軽症・中等症,,0,0,
160008,富山県,,2020-04-23,,富山市,80代,男,自営業,無症状,,0,0,
160008,富山県,,2020-04-23,,富山市,70代,女,無職,無症状,,0,0,
160008,富山県,,2020-04-24,,富山市,20代,女,無職,軽症・中等症,,,0,
160008,富山県,,2020-04-24,,富山市,40代,女,介護職員,軽症・中等症,,0,0,
160008,富山県,,2020-04-24,,富山市,70代,女,調理員,軽症・中等症,,0,0,
160008,富山県,,2020-04-24,,富山市,50代,女,事務員,軽症・中等症,,0,0,
160008,富山県,,2020-04-24,,富山市,80代,女,施設入所者,軽症・中等症,,,,
160008,富山県,,2020-04-24,,富山市,80代,男,自営業,軽症・中等症,,0,0,
160008,富山県,,2020-04-24,,高岡市,20代,男,学生,無症状,,0,0,
160008,富山県,,2020-04-24,,高岡市,10代,男,,無症状,,0,0,
160008,富山県,,2020-04-24,,富山市,10代,女,小学生,無症状,,0,0,
160008,富山県,,2020-04-24,,富山市,30代,男,会社員,軽症・中等症,,0,0,
160008,富山県,,2020-04-24,,富山市,80代,男,無職,無症状,,0,0,
160008,富山県,,2020-04-24,,富山市,60代,女,無職,軽症・中等症,,0,0,
160008,富山県,,2020-04-24,,富山市,30代,女,無職,無症状,,0,0,
160008,富山県,,2020-04-24,,富山市,30代,男,会社員,軽症・中等症,,0,0,
160008,富山県,,2020-04-25,,富山市,70代,男,患者,無症状,,,0,
160008,富山県,,2020-04-25,,富山市,60代,女,介護職員,軽症・中等症,,0,0,
160008,富山県,,2020-04-25,,富山市,20代,女,事務員,軽症・中等症,,0,0,
160008,富山県,,2020-04-25,,朝日町,60代,男,技師,無症状,,0,0,
160008,富山県,,2020-04-25,,滑川市,50代,女,パート従業員,無症状,,0,0,
160008,富山県,,2020-04-25,,滑川市,20代,女,会社員,軽症・中等症,,0,0,
160008,富山県,,2020-04-26,,富山市,70代,女,介護職員,軽症・中等症,,0,0,
160008,富山県,,2020-04-26,,富山市,40代,男,介護職員,軽症・中等症,,0,0,
160008,富山県,,2020-04-26,,富山市,70代,女,患者,軽症・中等症,,,0,
160008,富山県,,2020-04-27,,朝日町,80代,女,無職,軽症・中等症,,0,0,
160008,富山県,,2020-04-27,,富山市,10代,男,無職,軽症・中等症,,0,,
160008,富山県,,2020-04-28,,富山市,20代,女,看護師,軽症・中等症,,0,0,
160008,富山県,,2020-04-28,,富山市,60代,男,会社員,軽症・中等症,,0,0,
160008,富山県,,2020-04-28,,富山市,90歳以上,女,無職,無症状,,0,0,
160008,富山県,,2020-04-28,,富山市,80代,女,無職,無症状,,0,0,
160008,富山県,,2020-04-28,,富山市,70代,女,無職,軽症・中等症,,0,0,
160008,富山県,,2020-04-28,,富山市,90歳以上,女,無職,無症状,,0,0,
160008,富山県,,2020-04-28,,富山市,80代,女,無職,軽症・中等症,,0,0,
160008,富山県,,2020-04-28,,富山市,20代,男,事務員,軽症・中等症,,0,0,
160008,富山県,,2020-04-29,,富山市,60代,女,施設入所者,,,,,
160008,富山県,,2020-04-29,,富山市,80代,男,施設入所者,,,,,
