No,市番号,検査結果判明日,年代,性別,居住地,職業,市区町村名,発症日,状態,症状,渡航歴の有無,備考
1,感染者1,2020-03-30,20代,女,富山市,卒業生,富山市,,入院中,軽症・中等症,x,
2,A,2020-03-31,20代,女,南砺市,看護師,,,入院中,軽症・中等症,x,
3,感染者2,2020-03-31,20代,女,富山市,保育士,富山市,,入院中,無症状,x,
4,感染者3,2020-03-31,20代,女,富山市,就職予定者,富山市,,入院中,軽症・中等症,x,
5,‐,2020-04-01,20代,男,射水市,新規採用教員,,,入院中,軽症・中等症,x,
6,感染者4,2020-04-01,50代,女,富山市,介護施設職員,富山市,,入院中,軽症・中等症,x,
7,感染者5,2020-04-01,20代,男,富山市,会社員,富山市,,入院中,無症状,x,
8,-,2020-04-02,50代,女,射水市,国家公務員,,,入院中,軽症・中等症,x,
9,感染者6,2020-04-04,20代,女,富山市,飲食店店員,富山市,,入院中,軽症・中等症,x,
10,感染者7,2020-04-04,50代,男,富山市,ライブハウス経営者,富山市,,入院中,軽症・中等症,x,
11,感染者8,2020-04-05,40代,女,富山市,保育士,富山市,,入院中,軽症・中等症,x,
12,感染者9,2020-04-06,20代,男,富山市,会社員,富山市,,入院中,軽症・中等症,x,
13,感染者10,2020-04-07,10代,男,富山市,中学生,富山市,,入院中,軽症・中等症,x,
14,-,2020-04-08,30代,男,高岡市,会社員,,,入院中,軽症・中等症,x,
15,感染者11,2020-04-08,30代,女,富山市,保育園職員,富山市,,入院中,軽症・中等症,x,
16,-,2020-04-09,20代,女,東京都,学生,,,入院中,軽症・中等症,x,
17,感染者12,2020-04-09,70代,女,富山市,保育園長,富山市,,入院中,軽症・中等症,x,
18,感染者13,2020-04-09,40代,女,富山市,会社員,富山市,,入院中,軽症・中等症,x,
19,感染者14,2020-04-09,50代,女,富山市,看護師,富山市,,入院中,軽症・中等症,x,
20,感染者15,2020-04-09,40代,男,富山市,会社員,富山市,,入院中,軽症・中等症,x,
21,感染者16,2020-04-09,60代,男,富山市,医師,富山市,,入院中,軽症・中等症,x,
22,感染者17,2020-04-10,50代,女,富山市,パート従業員,富山市,,入院中,軽症・中等症,x,
23,-,2020-04-10,10代,女,朝日町,無職,,,入院中,軽症・中等症,x,
24,感染者18,2020-04-11,30代,女,富山市,看護師,富山市,,入院中,軽症・中等症,x,
25,感染者19,2020-04-11,70代,女,富山市,患者,富山市,,入院中,軽症・中等症,x,
26,感染者20,2020-04-11,40代,女,富山市,会社員,富山市,,入院中,軽症・中等症,x,
27,感染者21,2020-04-11,30代,男,富山市,会社員,富山市,,入院中,軽症・中等症,x,
28,感染者22,2020-04-11,40代,女,富山市,無職,富山市,,入院中,軽症・中等症,x,
29,感染者23,2020-04-11,10歳未満,男,富山市,,富山市,,入院中,軽症・中等症,x,
30,感染者24,2020-04-11,60代,男,富山市,会社員,富山市,,入院中,軽症・中等症,x,
31,感染者25,2020-04-12,20代,男,富山市,看護師,富山市,,入院中,軽症・中等症,x,
32,感染者26,2020-04-12,20代,女,富山市,看護師,富山市,,入院中,軽症・中等症,x,
33,感染者27,2020-04-12,30代,女,富山市,看護師,富山市,,入院中,軽症・中等症,x,
34,感染者28,2020-04-12,40代,男,富山市,患者,富山市,,入院中,無症状,x,
35,感染者29,2020-04-12,80代,女,富山市,患者,富山市,,入院中,軽症・中等症,x,
36,感染者30,2020-04-12,90代以上,女,富山市,患者,富山市,,入院中,軽症・中等症,x,
37,感染者31,2020-04-12,70代,女,富山市,患者,富山市,,入院中,軽症・中等症,x,
38,感染者32,2020-04-12,60代,女,富山市,患者,富山市,,入院中,無症状,x,
39,感染者33,2020-04-12,70代,女,富山市,患者,富山市,,入院中,軽症・中等症,x,
40,感染者34,2020-04-12,80代,女,富山市,患者,富山市,,入院中,軽症・中等症,x,
41,感染者35,2020-04-12,50代,女,富山市,会社員,富山市,,入院中,軽症・中等症,x,
42,感染者36,2020-04-12,70代,女,富山市,患者,富山市,,入院中,軽症・中等症,x,
43,感染者37,2020-04-12,40代,男,金沢市,医師,,,入院中,無症状,x,
44,感染者38,2020-04-12,30代,男,富山市,医師,,,入院中,軽症・中等症,x,
45,-,2020-04-13,50代,男,朝日町,会社員,,,入院中,軽症・中等症,x,
46,-,2020-04-13,70代,男,氷見市,無職,,,入院中,無症状,x,
47,-,2020-04-13,70代,女,氷見市,無職,,,入院中,軽症・中等症,x,
48,-,2020-04-13,30代,男,射水市,病院職員,,,入院中,軽症・中等症,x,
49,-,2020-04-13,30代,女,高岡市,看護師,,,入院中,軽症・中等症,x,
50,-,2020-04-14,40代,男,高岡市,病院職員,,,入院中,無症状,x,
51,感染者39,2020-04-14,70代,男,富山市,無職,富山市,,入院中,軽症・中等症,x,
52,感染者40,2020-04-14,60代,男,富山市,会社員,富山市,,入院中,軽症・中等症,x,
53,感染者41,2020-04-14,50代,女,立山町,患者,,,入院中,軽症・中等症,x,
54,感染者42,2020-04-14,50代,女,富山市,患者,富山市,,入院中,軽症・中等症,x,
55,感染者43,2020-04-14,70代,男,富山市,患者,富山市,,入院中,無症状,x,
56,,2020-04-15,80代,女,富山市,無職,富山市,,入院中,軽症・中等症,x,
57,,2020-04-15,40代,男,富山市,会社員,富山市,,入院中,軽症・中等症,x,
58,,2020-04-15,20代,女,富山市,会社員,富山市,,入院中,軽症・中等症,x,
59,,2020-04-15,20代,女,富山市,保育士,富山市,,入院中,軽症・中等症,x,
60,,2020-04-15,50代,女,富山市,自営業,富山市,,入院中,軽症・中等症,x,
61,,2020-04-15,40代,男,富山市,会社員,富山市,,入院中,軽症・中等症,x,
62,,2020-04-15,10代,女,富山市,中学生,富山市,,,無症状,,
63,,2020-04-15,10歳未満,男,富山市,小学生,富山市,,,無症状,,
64,,2020-04-16,50代,女,富山市,保育士,富山市,,入院中,軽症・中等症,x,
65,,2020-04-16,50代,男,富山市,公務員,富山市,,入院中,軽症・中等症,x,
66,,2020-04-16,80代,女,富山市,患者,富山市,,入院中,軽症・中等症,,
67,,2020-04-16,70代,女,富山市,患者,富山市,,入院中,無症状,,
68,,2020-04-16,30代,男,富山市,会社員,富山市,,入院中,軽症・中等症,x,
69,,2020-04-16,50代,女,富山市,パート従業員,富山市,,入院中,無症状,x,
70,,2020-04-17,50代,男,富山市,会社員,富山市,,入院中,軽症・中等症,x,
71,,2020-04-17,50代,女,富山市,会社員,富山市,,入院中,軽症・中等症,x,
72,,2020-04-17,30代,女,富山市,無職,富山市,,入院中,軽症・中等症,x,
73,,2020-04-17,40代,男,富山市,会社員,富山市,,入院中,軽症・中等症,x,
74,,2020-04-17,50代,男,富山市,会社員,富山市,,入院中,軽症・中等症,x,
75,,2020-04-17,20代,女,富山市,社会福祉施設職員,富山市,,,軽症・中等症,,
76,,2020-04-17,80代,女,富山市,施設入所者,富山市,,入院中,軽症・中等症,,
77,,2020-04-17,60代,男,富山市,パート従業員,富山市,,入院中,軽症・中等症,x,
78,,2020-04-17,70代,女,富山市,無職,富山市,,入院中,軽症・中等症,x,
79,,2020-04-17,80代,女,富山市,無職,富山市,,入院中,軽症・中等症,x,
80,,2020-04-18,90代以上,女,富山市,施設入所者,富山市,,死亡,死亡,,
81,,2020-04-18,90代以上,女,富山市,患者,富山市,,入院中,無症状,,
82,,2020-04-18,50代,男,富山市,患者,富山市,,入院中,無症状,,
83,,2020-04-18,30代,女,射水市,自営業,,,入院中,軽症・中等症,x,
84,,2020-04-18,80代,女,富山市,施設入所者,富山市,,入院中,軽症・中等症,,
85,,2020-04-18,60代,女,富山市,教員,富山市,,入院中,軽症・中等症,x,
86,,2020-04-18,90代以上,男,富山市,無職,富山市,,入院中,軽症・中等症,x,
87,,2020-04-18,40代,女,富山市,介護福祉士,富山市,,入院中,軽症・中等症,x,
88,,2020-04-18,20代,女,富山市,会社員,富山市,,入院中,軽症・中等症,x,
89,,2020-04-18,20代,男,富山市,介護職員,富山市,,入院中,無症状,x,
90,,2020-04-18,10歳未満,女,富山市,,富山市,,入院中,無症状,x,
91,,2020-04-18,30代,女,富山市,看護師,富山市,,入院中,軽症・中等症,x,
92,,2020-04-18,40代,女,富山市,看護師,富山市,,入院中,軽症・中等症,x,
93,,2020-04-19,40代,男,富山市,会社員,,,入院中,軽症・中等症,,
94,,2020-04-19,90代以上,女,富山市,施設入所者,,,入院中,軽症・中等症,x,
95,,2020-04-19,20代,女,富山市,看護師,,,入院中,軽症・中等症,x,
96,,2020-04-20,80代,男,富山市,施設入所者,,,入院中,軽症・中等症,x,
97,,2020-04-20,40代,女,立山町,看護師,,,入院中,軽症・中等症,x,
98,,2020-04-20,80代,男,富山市,施設入所者,,,,軽症・中等症,,
99,,2020-04-20,70代,女,富山市,施設入所者,,,,軽症・中等症,,
100,,2020-04-20,90代以上,男,富山市,施設入所者,,,,軽症・中等症,,
101,,2020-04-20,90代以上,女,富山市,施設入所者,,,,軽症・中等症,,
102,,2020-04-20,90代以上,女,富山市,施設入所者,,,,軽症・中等症,,
103,,2020-04-20,80代,女,富山市,施設入所者,,,,軽症・中等症,,
104,,2020-04-20,80代,女,富山市,施設入所者,,,,軽症・中等症,,
105,,2020-04-20,80代,男,富山市,施設入所者,,,,軽症・中等症,,
106,,2020-04-20,90代以上,女,富山市,施設入所者,,,,軽症・中等症,,
107,,2020-04-20,80代,男,富山市,施設入所者,,,,軽症・中等症,,
108,,2020-04-20,80代,女,富山市,施設入所者,,,,軽症・中等症,,
109,,2020-04-20,90代以上,女,富山市,施設入所者,,,,軽症・中等症,,
110,,2020-04-20,90代以上,女,富山市,施設入所者,,,,軽症・中等症,,
111,,2020-04-20,90代以上,女,富山市,施設入所者,,,,軽症・中等症,,
112,,2020-04-20,90代以上,女,富山市,施設入所者,,,,軽症・中等症,,
113,,2020-04-20,70代,男,富山市,施設入所者,,,,軽症・中等症,,
114,,2020-04-20,80代,女,富山市,施設入所者,,,,軽症・中等症,,
115,,2020-04-20,60代,男,富山市,無職,,,,軽症・中等症,,
116,,2020-04-21,50代,女,上市町,介護福祉士,,,入院中,軽症・中等症,x,
117,,2020-04-21,80代,女,富山市,施設入所者,,,,軽症・中等症,,
118,,2020-04-21,90代以上,女,富山市,施設入所者,,,,軽症・中等症,,
119,,2020-04-21,90代以上,女,富山市,施設入所者,,,,軽症・中等症,,
120,,2020-04-21,90代以上,女,富山市,施設入所者,,,,軽症・中等症,,
121,,2020-04-21,90代以上,女,富山市,施設入所者,,,,軽症・中等症,,
122,,2020-04-21,80代,女,富山市,施設入所者,,,,軽症・中等症,,
123,,2020-04-21,70代,女,富山市,施設入所者,,,,軽症・中等症,,
124,,2020-04-21,30代,男,富山市,看護師,,,入院中,軽症・中等症,x,
125,,2020-04-21,40代,女,富山市,看護師,,,入院中,軽症・中等症,x,
126,,2020-04-21,40代,女,富山市,看護師,,,入院中,軽症・中等症,x,
127,,2020-04-21,20代,女,射水市,教員,,,入院中,軽症・中等症,x,
128,,2020-04-21,10歳未満,女,富山市,小学生,,,,無症状,x,
129,,2020-04-21,10歳未満,男,富山市,小学生,,,,無症状,x,
130,,2020-04-21,10歳未満,女,富山市,小学生,,,,無症状,x,
131,,2020-04-21,80代,女,富山市,無職,,,入院中,軽症・中等症,x,
132,,2020-04-22,80代,女,富山市,施設入所者,,,,軽症・中等症,,
133,,2020-04-22,80代,女,富山市,施設入所者,,,,軽症・中等症,,
134,,2020-04-22,80代,女,富山市,施設入所者,,,,軽症・中等症,,
135,,2020-04-22,90代以上,女,富山市,施設入所者,,,,軽症・中等症,,
136,,2020-04-22,40代,女,富山市,看護師,,,入院中,軽症・中等症,x,
137,,2020-04-22,50代,女,富山市,看護師,,,入院中,軽症・中等症,x,
138,,2020-04-22,70代,女,富山市,無職,,,入院中,軽症・中等症,x,
139,,2020-04-22,30代,女,射水市,看護師,,,入院中,無症状,x,
140,,2020-04-22,80代,男,富山市,施設入所者,,,,軽症・中等症,,
141,,2020-04-22,10代,女,富山市,,,,入院中,軽症・中等症,x,
142,,2020-04-22,90代以上,女,富山市,無職,,,入院中,軽症・中等症,x,
143,,2020-04-23,50代,男,高岡市,会社員,,,入院中,軽症・中等症,x,
144,,2020-04-23,90代以上,女,富山市,施設入所者,,,,軽症・中等症,,
145,,2020-04-23,90代以上,女,富山市,施設入所者,,,,無症状,,
146,,2020-04-23,90代以上,女,富山市,施設入所者,,,,軽症・中等症,,
147,,2020-04-23,70代,女,富山市,施設入所者,,,,無症状,,
148,,2020-04-23,40代,女,上市町,看護師,,,入院中,軽症・中等症,x,
149,,2020-04-23,50代,男,富山市,自営業,,,入院中,軽症・中等症,x,
150,,2020-04-23,80代,女,滑川市,無職,,,入院中,軽症・中等症,x,
151,,2020-04-23,10歳未満,男,富山市,未就学児,,,入院中,軽症・中等症,x,
152,,2020-04-23,40代,男,富山市,会社員,,,入院中,軽症・中等症,x,
153,,2020-04-23,30代,女,富山市,会社員,,,入院中,軽症・中等症,x,
154,,2020-04-23,80代,男,富山市,自営業,,,入院中,無症状,x,
155,,2020-04-23,70代,女,富山市,無職,,,入院中,無症状,x,
156,,2020-04-24,20代,女,富山市,無職,,,入院中,軽症・中等症,,
157,,2020-04-24,40代,女,富山市,介護職員,,,入院中,軽症・中等症,x,
158,,2020-04-24,70代,女,富山市,調理員,,,入院中,軽症・中等症,x,
159,,2020-04-24,50代,女,富山市,事務員,,,入院中,軽症・中等症,x,
160,,2020-04-24,80代,女,富山市,施設入所者,,,,軽症・中等症,,
161,,2020-04-24,80代,男,富山市,自営業,,,入院中,軽症・中等症,x,
162,,2020-04-24,20代,男,高岡市,学生,,,入院中,無症状,x,
163,,2020-04-24,10代,男,高岡市,,,,入院中,無症状,x,
164,,2020-04-24,10代,女,富山市,小学生,,,入院中,無症状,x,
165,,2020-04-24,30代,男,富山市,会社員,,,入院中,軽症・中等症,x,
166,,2020-04-24,80代,男,富山市,無職,,,入院中,無症状,x,
167,,2020-04-24,60代,女,富山市,無職,,,入院中,軽症・中等症,x,
168,,2020-04-24,30代,女,富山市,無職,,,入院中,無症状,x,
169,,2020-04-24,30代,男,富山市,会社員,,,入院中,軽症・中等症,x,
170,,2020-04-25,70代,男,富山市,患者,,,入院中,無症状,,
171,,2020-04-25,60代,女,富山市,介護職員,,,入院中,軽症・中等症,x,
172,,2020-04-25,20代,女,富山市,事務員,,,入院中,軽症・中等症,x,
173,,2020-04-25,60代,男,朝日町,技師,,,入院中,無症状,x,
174,,2020-04-25,50代,女,滑川市,パート従業員,,,入院中,無症状,x,
175,,2020-04-25,20代,女,滑川市,会社員,,,入院中,軽症・中等症,x,
176,,2020-04-26,70代,女,富山市,介護職員,,,入院中,軽症・中等症,x,
177,,2020-04-26,40代,男,富山市,介護職員,,,入院中,軽症・中等症,x,
178,,2020-04-26,70代,女,富山市,患者,,,入院中,軽症・中等症,,
179,,2020-04-27,80代,女,朝日町,無職,,,入院中,軽症・中等症,x,