No,市番号,検査結果判明日,年代,性別,居住地,職業,市区町村名,発症日,状態,症状,渡航歴の有無,備考
1,感染者1,2020-03-30,20代,女,富山市,卒業生,富山市,2020-03-24,入院中,軽症・中等症,x,
2,A,2020-03-31,20代,女,南砺市,看護師,,2020-03-28,入院中,軽症・中等症,x,
3,感染者2,2020-03-31,20代,女,富山市,保育士,富山市,,入院中,無症状,x,
4,感染者3,2020-03-31,20代,女,富山市,就職予定者,富山市,2020-03-28,入院中,軽症・中等症,x,
5,‐,2020-04-01,20代,男,射水市,新規採用教員,,2020-03-28,入院中,軽症・中等症,x,
6,感染者4,2020-04-01,50代,女,富山市,介護施設職員,富山市,2020-03-31,入院中,軽症・中等症,x,
7,感染者5,2020-04-01,20代,男,富山市,会社員,富山市,,入院中,無症状,x,
8,-,2020-04-02,50代,女,射水市,国家公務員,,2020-03-30,入院中,軽症・中等症,x,
9,感染者6,2020-04-04,20代,女,富山市,飲食店店員,富山市,2020-03-27,入院中,軽症・中等症,x,
10,感染者7,2020-04-04,50代,男,富山市,ライブハウス経営者,富山市,2020-03-24,入院中,軽症・中等症,x,
11,感染者8,2020-04-05,40代,女,富山市,保育士,富山市,,入院中,軽症・中等症,x,
12,感染者9,2020-04-06,20代,男,富山市,会社員,富山市,2020-03-27,入院中,軽症・中等症,x,
13,感染者10,2020-04-07,10代,男,富山市,中学生,富山市,,入院中,軽症・中等症,x,
14,-,2020-04-08,30代,男,高岡市,会社員,,2020-04-06,入院中,軽症・中等症,x,
15,感染者11,2020-04-08,30代,女,富山市,保育園職員,富山市,2020-04-05,入院中,軽症・中等症,x,
16,-,2020-04-09,20代,女,東京都,学生,,,入院中,軽症・中等症,x,
17,感染者12,2020-04-09,70代,女,富山市,保育園長,富山市,2020-04-06,入院中,軽症・中等症,x,
18,感染者13,2020-04-09,40代,女,富山市,会社員,富山市,2020-03-31,入院中,軽症・中等症,x,
19,感染者14,2020-04-09,50代,女,富山市,看護師,富山市,2020-03-31,入院中,軽症・中等症,x,
20,感染者15,2020-04-09,40代,男,富山市,会社員,富山市,2020-04-03,入院中,軽症・中等症,x,
21,感染者16,2020-04-09,60代,男,富山市,医師,富山市,2020-04-05,入院中,軽症・中等症,x,
22,感染者17,2020-04-10,50代,女,富山市,パート従業員,富山市,2020-04-05,入院中,軽症・中等症,x,
23,-,2020-04-10,10代,女,朝日町,無職,,2020-03-28,入院中,軽症・中等症,x,
24,感染者18,2020-04-11,30代,女,富山市,看護師,富山市,2020-04-03,入院中,軽症・中等症,x,
25,感染者19,2020-04-11,70代,女,富山市,患者,富山市,2020-03-27,入院中,軽症・中等症,x,
26,感染者20,2020-04-11,40代,女,富山市,会社員,富山市,2020-03-31,入院中,軽症・中等症,x,
27,感染者21,2020-04-11,30代,男,富山市,会社員,富山市,2020-04-04,入院中,軽症・中等症,x,
28,感染者22,2020-04-11,40代,女,富山市,無職,富山市,2020-04-06,入院中,軽症・中等症,x,
29,感染者23,2020-04-11,10歳未満,男,富山市,,富山市,2020-04-08,入院中,軽症・中等症,x,
30,感染者24,2020-04-11,60代,男,富山市,会社員,富山市,2020-03-31,入院中,軽症・中等症,x,
31,感染者25,2020-04-12,20代,男,富山市,看護師,富山市,2020-04-07,入院中,軽症・中等症,x,
32,感染者26,2020-04-12,20代,女,富山市,看護師,富山市,2020-04-09,入院中,軽症・中等症,x,
33,感染者27,2020-04-12,30代,女,富山市,看護師,富山市,2020-04-11,入院中,軽症・中等症,x,
34,感染者28,2020-04-12,40代,男,富山市,患者,富山市,,入院中,無症状,x,
35,感染者29,2020-04-12,80代,女,富山市,患者,富山市,2020-04-06,入院中,軽症・中等症,x,
36,感染者30,2020-04-12,90代以上,女,富山市,患者,富山市,2020-03-26,入院中,軽症・中等症,x,
37,感染者31,2020-04-12,70代,女,富山市,患者,富山市,2020-04-09,入院中,軽症・中等症,x,
38,感染者32,2020-04-12,60代,女,富山市,患者,富山市,,入院中,無症状,x,
39,感染者33,2020-04-12,70代,女,富山市,患者,富山市,2020-03-30,入院中,軽症・中等症,x,
40,感染者34,2020-04-12,80代,女,富山市,患者,富山市,2020-03-29,入院中,軽症・中等症,x,
41,感染者35,2020-04-12,50代,女,富山市,会社員,富山市,2020-04-08,入院中,軽症・中等症,x,
42,感染者36,2020-04-12,70代,女,富山市,患者,富山市,2020-04-08,入院中,軽症・中等症,x,
43,感染者37,2020-04-12,40代,男,金沢市,医師,,,入院中,無症状,x,
44,感染者38,2020-04-12,30代,男,富山市,医師,,2020-04-12,入院中,軽症・中等症,x,
45,-,2020-04-13,50代,男,朝日町,会社員,,2020-04-04,入院中,軽症・中等症,x,
46,-,2020-04-13,70代,男,氷見市,無職,,,入院中,無症状,x,
47,-,2020-04-13,70代,女,氷見市,無職,,,入院中,軽症・中等症,x,
48,-,2020-04-13,30代,男,射水市,病院職員,,2020-04-10,入院中,軽症・中等症,x,
49,-,2020-04-13,30代,女,高岡市,看護師,,2020-04-09,入院中,軽症・中等症,x,
50,-,2020-04-14,40代,男,高岡市,病院職員,,2020-04-06,入院中,無症状,x,
51,感染者39,2020-04-14,70代,男,富山市,無職,富山市,2020-03-27,入院中,軽症・中等症,x,
52,感染者40,2020-04-14,60代,男,富山市,会社員,富山市,2020-04-05,入院中,軽症・中等症,x,
53,感染者41,2020-04-14,50代,女,立山町,患者,,2020-04-12,入院中,軽症・中等症,x,
54,感染者42,2020-04-14,50代,女,富山市,患者,富山市,2020-04-10,入院中,軽症・中等症,x,
55,感染者43,2020-04-14,70代,男,富山市,患者,富山市,,入院中,無症状,x,
56,,2020-04-15,80代,女,富山市,無職,富山市,2020-04-11,入院中,軽症・中等症,x,
57,,2020-04-15,40代,男,富山市,会社員,富山市,2020-04-04,入院中,軽症・中等症,x,
58,,2020-04-15,20代,女,富山市,会社員,富山市,2020-04-06,入院中,軽症・中等症,x,
59,,2020-04-15,20代,女,富山市,保育士,富山市,2020-04-07,入院中,軽症・中等症,x,
60,,2020-04-15,50代,女,富山市,自営業,富山市,2020-04-04,入院中,軽症・中等症,x,
61,,2020-04-15,40代,男,富山市,会社員,富山市,2020-04-06,入院中,軽症・中等症,x,
62,,2020-04-15,10代,女,富山市,中学生,富山市,,,無症状,,
63,,2020-04-15,10歳未満,男,富山市,小学生,富山市,,,無症状,,
64,,2020-04-16,50代,女,富山市,保育士,富山市,2020-04-04,入院中,軽症・中等症,x,
65,,2020-04-16,50代,男,富山市,公務員,富山市,2020-04-09,入院中,軽症・中等症,x,
66,,2020-04-16,80代,女,富山市,患者,富山市,,入院中,軽症・中等症,,
67,,2020-04-16,70代,女,富山市,患者,富山市,,入院中,無症状,,
68,,2020-04-16,30代,男,富山市,会社員,富山市,2020-04-06,入院中,軽症・中等症,x,
69,,2020-04-16,50代,女,富山市,パート従業員,富山市,,入院中,無症状,x,
70,,2020-04-17,50代,男,富山市,会社員,富山市,2020-04-06,入院中,軽症・中等症,x,
71,,2020-04-17,50代,女,富山市,会社員,富山市,2020-04-08,入院中,軽症・中等症,x,
72,,2020-04-17,30代,女,富山市,無職,富山市,2020-04-05,入院中,軽症・中等症,x,
73,,2020-04-17,40代,男,富山市,会社員,富山市,2020-04-06,入院中,軽症・中等症,x,
74,,2020-04-17,50代,男,富山市,会社員,富山市,2020-04-10,入院中,軽症・中等症,x,
75,,2020-04-17,20代,女,富山市,社会福祉施設職員,富山市,2020-04-06,,軽症・中等症,,
76,,2020-04-17,80代,女,富山市,施設入所者,富山市,2020-04-07,入院中,軽症・中等症,,
77,,2020-04-17,60代,男,富山市,パート従業員,富山市,2020-04-10,入院中,軽症・中等症,x,
78,,2020-04-17,70代,女,富山市,無職,富山市,,入院中,軽症・中等症,x,
79,,2020-04-17,80代,女,富山市,無職,富山市,2020-04-11,入院中,軽症・中等症,x,
80,,2020-04-18,90代以上,女,富山市,施設入所者,富山市,2020-04-09,死亡,死亡,,
81,,2020-04-18,90代以上,女,富山市,患者,富山市,2020-03-29,入院中,無症状,,
82,,2020-04-18,50代,男,富山市,患者,富山市,2020-04-10,入院中,無症状,,
83,,2020-04-18,30代,女,射水市,自営業,,2020-04-10,入院中,軽症・中等症,x,
84,,2020-04-18,80代,女,富山市,施設入所者,富山市,,入院中,軽症・中等症,,
85,,2020-04-18,60代,女,富山市,教員,富山市,2020-04-12,入院中,軽症・中等症,x,
86,,2020-04-18,90代以上,男,富山市,無職,富山市,,入院中,軽症・中等症,x,
87,,2020-04-18,40代,女,富山市,介護福祉士,富山市,2020-04-09,入院中,軽症・中等症,x,
88,,2020-04-18,20代,女,富山市,会社員,富山市,2020-03-29,入院中,軽症・中等症,x,
89,,2020-04-18,20代,男,富山市,介護職員,富山市,,入院中,無症状,x,
90,,2020-04-18,10歳未満,女,富山市,,富山市,,入院中,無症状,x,
91,,2020-04-18,30代,女,富山市,看護師,富山市,2020-04-10,入院中,軽症・中等症,x,
92,,2020-04-18,40代,女,富山市,看護師,富山市,2020-04-11,入院中,軽症・中等症,x,
93,,2020-04-19,40代,男,富山市,会社員,,2020-04-10,入院中,軽症・中等症,,
94,,2020-04-19,90代以上,女,富山市,施設入所者,,2020-04-11,入院中,軽症・中等症,x,
95,,2020-04-19,20代,女,富山市,看護師,,2020-04-18,入院中,軽症・中等症,x,
96,,2020-04-20,80代,男,富山市,施設入所者,,2020-04-13,入院中,軽症・中等症,x,
97,,2020-04-20,40代,女,立山町,看護師,,2020-04-16,入院中,軽症・中等症,x,
98,,2020-04-20,80代,男,富山市,施設入所者,,,,軽症・中等症,,
99,,2020-04-20,70代,女,富山市,施設入所者,,2020-04-09,,軽症・中等症,,
100,,2020-04-20,90代以上,男,富山市,施設入所者,,2020-04-06,,軽症・中等症,,
101,,2020-04-20,90代以上,女,富山市,施設入所者,,2020-04-16,,軽症・中等症,,
102,,2020-04-20,90代以上,女,富山市,施設入所者,,2020-04-05,,軽症・中等症,,
103,,2020-04-20,80代,女,富山市,施設入所者,,2020-04-13,,軽症・中等症,,
104,,2020-04-20,80代,女,富山市,施設入所者,,2020-04-06,,軽症・中等症,,
105,,2020-04-20,80代,男,富山市,施設入所者,,,,軽症・中等症,,
106,,2020-04-20,90代以上,女,富山市,施設入所者,,2020-04-13,,軽症・中等症,,
107,,2020-04-20,80代,男,富山市,施設入所者,,2020-04-17,,軽症・中等症,,
108,,2020-04-20,80代,女,富山市,施設入所者,,2020-04-13,,軽症・中等症,,
109,,2020-04-20,90代以上,女,富山市,施設入所者,,2020-04-08,,軽症・中等症,,
110,,2020-04-20,90代以上,女,富山市,施設入所者,,2020-04-10,,軽症・中等症,,
111,,2020-04-20,90代以上,女,富山市,施設入所者,,2020-04-09,,軽症・中等症,,
112,,2020-04-20,90代以上,女,富山市,施設入所者,,2020-04-03,,軽症・中等症,,
113,,2020-04-20,70代,男,富山市,施設入所者,,2020-04-07,,軽症・中等症,,
114,,2020-04-20,80代,女,富山市,施設入所者,,2020-04-10,,軽症・中等症,,
115,,2020-04-20,60代,男,富山市,無職,,2020-04-16,,軽症・中等症,,
116,,2020-04-21,50代,女,上市町,介護福祉士,,2020-04-19,入院中,軽症・中等症,x,
117,,2020-04-21,80代,女,富山市,施設入所者,,2020-04-15,,軽症・中等症,,
118,,2020-04-21,90代以上,女,富山市,施設入所者,,2020-04-12,,軽症・中等症,,
119,,2020-04-21,90代以上,女,富山市,施設入所者,,2020-04-14,,軽症・中等症,,
120,,2020-04-21,90代以上,女,富山市,施設入所者,,2020-04-12,,軽症・中等症,,
121,,2020-04-21,90代以上,女,富山市,施設入所者,,2020-04-20,,軽症・中等症,,
122,,2020-04-21,80代,女,富山市,施設入所者,,2020-04-19,,軽症・中等症,,
123,,2020-04-21,70代,女,富山市,施設入所者,,,,軽症・中等症,,
124,,2020-04-21,30代,男,富山市,看護師,,2020-04-09,入院中,軽症・中等症,x,
125,,2020-04-21,40代,女,富山市,看護師,,2020-04-20,入院中,軽症・中等症,x,
126,,2020-04-21,40代,女,富山市,看護師,,2020-04-08,入院中,軽症・中等症,x,
127,,2020-04-21,20代,女,射水市,教員,,,入院中,軽症・中等症,x,
128,,2020-04-21,10歳未満,女,富山市,小学生,,,,無症状,x,
129,,2020-04-21,10歳未満,男,富山市,小学生,,,,無症状,x,
130,,2020-04-21,10歳未満,女,富山市,小学生,,,,無症状,x,
131,,2020-04-21,80代,女,富山市,無職,,,入院中,軽症・中等症,x,
132,,2020-04-22,80代,女,富山市,施設入所者,,2020-04-19,,軽症・中等症,,
133,,2020-04-22,80代,女,富山市,施設入所者,,2020-04-19,,軽症・中等症,,
134,,2020-04-22,80代,女,富山市,施設入所者,,2020-04-20,,軽症・中等症,,
135,,2020-04-22,90代以上,女,富山市,施設入所者,,2020-04-07,,軽症・中等症,,
136,,2020-04-22,40代,女,富山市,看護師,,2020-04-15,入院中,軽症・中等症,x,
137,,2020-04-22,50代,女,富山市,看護師,,2020-04-11,入院中,軽症・中等症,x,
138,,2020-04-22,70代,女,富山市,無職,,2020-04-17,入院中,軽症・中等症,x,
139,,2020-04-22,30代,女,射水市,看護師,,,入院中,無症状,x,
140,,2020-04-22,80代,男,富山市,施設入所者,,,,軽症・中等症,,
141,,2020-04-22,10代,女,富山市,,,2020-04-21,入院中,軽症・中等症,x,
142,,2020-04-22,90代以上,女,富山市,無職,,2020-04-15,入院中,軽症・中等症,x,
143,,2020-04-23,50代,男,高岡市,会社員,,2020-04-16,入院中,軽症・中等症,x,
144,,2020-04-23,90代以上,女,富山市,施設入所者,,2020-04-06,,軽症・中等症,,
145,,2020-04-23,90代以上,女,富山市,施設入所者,,,,無症状,,
146,,2020-04-23,90代以上,女,富山市,施設入所者,,2020-04-13,,軽症・中等症,,
147,,2020-04-23,70代,女,富山市,施設入所者,,,,無症状,,
148,,2020-04-23,40代,女,上市町,看護師,,2020-04-15,入院中,軽症・中等症,x,
149,,2020-04-23,50代,男,富山市,自営業,,2020-04-12,入院中,軽症・中等症,x,
150,,2020-04-23,80代,女,滑川市,無職,,2020-04-19,入院中,軽症・中等症,x,
151,,2020-04-23,10歳未満,男,富山市,未就学児,,2020-04-16,入院中,軽症・中等症,x,
152,,2020-04-23,40代,男,富山市,会社員,,2020-04-15,入院中,軽症・中等症,x,
153,,2020-04-23,30代,女,富山市,会社員,,2020-04-17,入院中,軽症・中等症,x,
154,,2020-04-23,80代,男,富山市,自営業,,,入院中,無症状,x,
155,,2020-04-23,70代,女,富山市,無職,,,入院中,無症状,x,
156,,2020-04-24,20代,女,富山市,無職,,2020-04-20,入院中,軽症・中等症,,
157,,2020-04-24,40代,女,富山市,介護職員,,2020-04-14,入院中,軽症・中等症,x,
158,,2020-04-24,70代,女,富山市,調理員,,2020-04-14,入院中,軽症・中等症,x,
159,,2020-04-24,50代,女,富山市,事務員,,2020-04-07,入院中,軽症・中等症,x,
160,,2020-04-24,80代,女,富山市,施設入所者,,,,軽症・中等症,,
161,,2020-04-24,80代,男,富山市,自営業,,2020-04-20,入院中,軽症・中等症,x,
162,,2020-04-24,20代,男,高岡市,学生,,,入院中,無症状,x,
163,,2020-04-24,10代,男,高岡市,,,,入院中,無症状,x,
164,,2020-04-24,10代,女,富山市,小学生,,,入院中,無症状,x,
165,,2020-04-24,30代,男,富山市,会社員,,2020-04-24,入院中,軽症・中等症,x,
166,,2020-04-24,80代,男,富山市,無職,,,入院中,無症状,x,
167,,2020-04-24,60代,女,富山市,無職,,2020-04-24,入院中,軽症・中等症,x,
168,,2020-04-24,30代,女,富山市,無職,,,入院中,無症状,x,
169,,2020-04-24,30代,男,富山市,会社員,,2020-04-23,入院中,軽症・中等症,x,
170,,2020-04-25,70代,男,富山市,患者,,,入院中,無症状,,
171,,2020-04-25,60代,女,富山市,介護職員,,2020-04-10,入院中,軽症・中等症,x,
172,,2020-04-25,20代,女,富山市,事務員,,2020-04-17,入院中,軽症・中等症,x,
173,,2020-04-25,60代,男,朝日町,技師,,,入院中,無症状,x,
174,,2020-04-25,50代,女,滑川市,パート従業員,,,入院中,無症状,x,
175,,2020-04-25,20代,女,滑川市,会社員,,,入院中,軽症・中等症,x,
176,,2020-04-26,70代,女,富山市,介護職員,,2020-04-20,入院中,軽症・中等症,x,
177,,2020-04-26,40代,男,富山市,介護職員,,2020-04-13,入院中,軽症・中等症,x,
178,,2020-04-26,70代,女,富山市,患者,,,入院中,軽症・中等症,,
179,,2020-04-27,80代,女,朝日町,無職,,,入院中,軽症・中等症,x,
180,,2020-04-27,10代,男,富山市,無職,,2020-04-22,,軽症・中等症,x,
181,,2020-04-28,20代,女,富山市,看護師,,2020-04-23,入院中,軽症・中等症,x,
182,,2020-04-28,60代,男,富山市,会社員,,2020-04-24,入院中,軽症・中等症,x,
183,,2020-04-28,90代以上,女,富山市,無職,,,入院中,無症状,x,
184,,2020-04-28,80代,女,富山市,無職,,,入院中,無症状,x,
185,,2020-04-28,70代,女,富山市,無職,,2020-04-26,入院中,軽症・中等症,x,
186,,2020-04-28,90代以上,女,富山市,無職,,,入院中,無症状,x,
187,,2020-04-28,80代,女,富山市,無職,,2020-04-14,入院中,軽症・中等症,x,
188,,2020-04-28,20代,男,富山市,事務員,,2020-04-26,入院中,軽症・中等症,x,
189,,2020-04-29,60代,女,富山市,看護師,,2020-04-24,入院中,軽症・中等症,x,
190,,2020-04-29,80代,男,富山市,施設入所者,,2020-04-27,,,,
191,,2020-04-29,60代,女,富山市,看護師,,2020-04-27,入院中,軽症・中等症,x,
192,,2020-04-29,10代,女,富山市,無職,,2020-04-18,入院中,軽症・中等症,x,
193,,2020-04-29,90代以上,女,富山市,無職,,,入院中,無症状,x,
194,,2020-04-29,70代,女,富山市,無職,,2020-04-07,入院中,軽症・中等症,x,
195,,2020-04-29,90代以上,女,富山市,無職,,,入院中,無症状,x,
196,,2020-04-30,90代以上,女,富山市,患者,,,入院中,無症状,,
197,,2020-04-30,40代,男,高岡市,会社員,,2020-04-28,入院中,無症状,x,
198,,2020-04-30,40代,男,富山市,無職,,,入院中,無症状,x,
199,,2020-04-30,40代,男,富山市,無職,,,入院中,無症状,x,
200,,2020-04-30,60代,男,滑川市,会社員,,,入院中,軽症・中等症,x,
201,,2020-05-01,90代以上,男,富山市,無職,,2020-04-16,入院中,軽症・中等症,x,
202,,2020-05-01,60代,男,富山市,教員,,2020-04-18,入院中,軽症・中等症,x,
203,,2020-05-01,20代,男,射水市,従業員,,2020-04-26,入院中,軽症・中等症,x,
204,,2020-05-02,90代以上,男,富山市,無職,,2020-04-30,入院中,軽症・中等症,x,
205,,2020-05-02,80代,女,富山市,無職,,2020-04-22,入院中,軽症・中等症,x,
206,,2020-05-01,70代,女,富山市,患者,,,入院中,無症状,x,
207,,2020-05-01,80代,女,富山市,患者,,2020-04-14,入院中,軽症・中等症,,
208,,2020-05-02,50代,女,富山市,会社員,,2020-04-29,入院中,軽症・中等症,x,
209,,2020-05-02,40代,男,富山市,事務員,,2020-04-24,入院中,軽症・中等症,x,
210,,2020-05-03,80代,男,富山市,無職,,2020-04-25,入院中,軽症・中等症,x,
211,,2020-05-03,30代,女,富山市,看護師,,,入院中,無症状,x,
212,,2020-05-03,60代,男,富山市,無職,,,入院中,無症状,x,
213,,2020-05-04,90代以上,男,富山市,無職,,2020-04-30,入院中,軽症・中等症,x,
214,,2020-05-05,50代,女,富山市,公務員,,2020-04-20,入院中,軽症・中等症,x,
215,,2020-05-05,10代,女,富山市,,,2020-04-20,入院中,軽症・中等症,x,
216,,2020-05-05,60代,女,富山市,看護師,,2020-05-05,入院中,軽症・中等症,x,
217,,2020-05-07,50代,男,富山市,会社員,,,入院中,無症状,x,
218,,2020-05-08,60代,男,富山市,無職,,2020-05-06,入院中,軽症・中等症,x,
219,,2020-05-09,80代,男,富山市,無職,,,入院中,無症状,x,
220,,2020-05-09,70代,女,富山市,無職,,,入院中,無症状,x,
221,,2020-05-09,50代,男,富山市,会社員,,2020-05-08,入院中,軽症・中等症,x,
222,,2020-05-12,80代,男,南砺市,無職,,2020-05-07,入院中,軽症・中等症,x,
223,,2020-05-14,70代,女,南砺市,無職,,2020-05-14,入院中,軽症・中等症,x,
224,,2020-05-14,80代,男,南砺市,無職,,2020-05-01,入院中,軽症・中等症,x,
225,,2020-05-16,50代,男,南砺市,会社員,,2020-05-15,入院中,軽症・中等症,x,
226,,2020-05-18,20代,女,富山市,看護師,,2020-05-13,入院中,軽症・中等症,x,
227,,2020-05-18,90代以上,女,富山市,施設入所者,,2020-05-15,死亡,死亡,x,
228,,2020-07-02,10代,女,入善町,生徒,,2020-06-24,入院中,軽症・中等症,x,
229,,2020-07-07,40代,男,高岡市,無職,,2020-07-01,入院中,軽症・中等症,x,
230,,2020-07-09,70代,女,高岡市,パート従業員,,2020-07-04,入院中,軽症・中等症,x,
231,,2020-07-18,30代,男,富山市,会社役員,,2020-07-12,入院中,軽症・中等症,x,
232,,2020-07-21,60代,男,高岡市,会社員,,2020-07-14,入院中,軽症・中等症,x,
233,,2020-07-21,40代,男,高岡市,会社員,,2020-07-14,入院中,軽症・中等症,x,
234,,2020-07-22,20代,女,東京都,会社員,,2020-07-15,入院中,軽症・中等症,x,
235,,2020-07-23,20代,女,東京都,団体職員,,2020-07-18,入院中,軽症・中等症,x,
236,,2020-07-27,50代,男,富山市,会社員,,2020-07-24,入院中,軽症・中等症,x,
237,,2020-07-30,20代,男,立山町,会社員,,2020-07-29,入院中,軽症・中等症,x,
238,,2020-07-30,20代,男,富山市,会社員,,2020-07-27,入院中,軽症・中等症,x,
239,,2020-07-31,20代,女,富山市,会社員,,2020-07-27,入院中,軽症・中等症,x,
240,,2020-07-31,40代,男,富山市,会社員,,2020-07-25,入院中,軽症・中等症,x,
241,,2020-08-01,20代,男,富山市,会社員,,2020-07-29,入院中,軽症・中等症,x,
242,,2020-08-01,10代,女,富山市,学生,,2020-07-29,入院中,軽症・中等症,x,
243,,2020-08-01,20代,男,射水市,会社員,,,入院中,無症状,x,
244,,2020-08-02,20代,女,射水市,団体職員,,2020-07-28,入院中,軽症・中等症,x,
245,,2020-08-03,20代,男,立山町,会社員,,2020-07-30,入院中,軽症・中等症,x,
246,,2020-08-03,10代,男,高岡市,会社員,,2020-07-26,入院中,軽症・中等症,x,
247,,2020-08-03,40代,男,高岡市,会社員,,2020-07-28,入院中,軽症・中等症,x,
248,,2020-08-03,20代,女,富山市,会社員,,2020-07-27,入院中,軽症・中等症,x,
249,,2020-08-03,20代,男,富山市,会社員,,2020-07-29,入院中,軽症・中等症,x,
250,,2020-08-03,50代,男,富山市,会社役員,,,入院中,無症状,x,
251,,2020-08-04,40代,男,高岡市,会社役員,,2020-08-01,入院中,軽症・中等症,x,
252,,2020-08-04,40代,女,高岡市,無職,,2020-07-30,入院中,軽症・中等症,x,
253,,2020-08-04,10代,女,高岡市,生徒,,2020-07-29,入院中,軽症・中等症,x,
254,,2020-08-04,10代,女,高岡市,生徒,,,入院中,無症状,x,
255,,2020-08-05,60代,男,魚津市,無職,,2020-08-03,入院中,軽症・中等症,x,
256,,2020-08-05,50代,男,魚津市,会社員,,2020-08-05,入院中,軽症・中等症,x,
257,,2020-08-05,70代,男,魚津市,自営業,,2020-07-29,入院中,軽症・中等症,x,
258,,2020-08-05,30代,女,射水市,団体職員,,2020-08-04,入院中,軽症・中等症,x,
259,,2020-08-05,20代,男,富山市,自営業,,2020-07-27,入院中,軽症・中等症,x,
260,,2020-08-05,20代,男,富山市,会社員,,2020-07-30,入院中,軽症・中等症,x,
261,,2020-08-05,70代,男,富山市,無職,,2020-08-04,入院中,軽症・中等症,x,
262,,2020-08-06,20代,男,富山市,自営業,,2020-07-30,入院中,軽症・中等症,x,
263,,2020-08-06,20代,女,富山市,会社員,,2020-08-01,入院中,軽症・中等症,x,
264,,2020-08-06,30代,男,富山市,会社員,,2020-07-28,入院中,軽症・中等症,x,
265,,2020-08-06,30代,女,高岡市,会社員,,2020-07-29,入院中,軽症・中等症,x,
266,,2020-08-06,40代,男,射水市,会社員,,2020-07-30,入院中,軽症・中等症,x,
267,,2020-08-07,20代,男,滑川市,会社員,,2020-08-03,入院中,軽症・中等症,x,
268,,2020-08-07,70代,女,富山市,パート従業員,,2020-08-04,入院中,軽症・中等症,x,
269,,2020-08-07,40代,女,富山市,会社員,,,入院中,無症状,x,
270,,2020-08-07,70代,男,魚津市,無職,,2020-08-01,入院中,軽症・中等症,x,
271,,2020-08-07,80代,男,魚津市,無職,,,入院中,無症状,x,
272,,2020-08-07,60代,男,魚津市,自営業,,2020-08-02,入院中,軽症・中等症,x,
273,,2020-08-08,20代,男,富山市,無職,,2020-08-04,入院中,軽症・中等症,x,
274,,2020-08-08,40代,男,富山市,会社員,,2020-08-02,入院中,軽症・中等症,x,
275,,2020-08-08,70代,女,富山市,無職,,2020-08-03,入院中,軽症・中等症,x,
276,,2020-08-08,20代,女,富山市,会社員,,2020-07-29,入院中,軽症・中等症,x,
277,,2020-08-08,20代,男,富山市,無職,,2020-08-01,入院中,軽症・中等症,x,
278,,2020-08-08,50代,女,富山市,無職,,2020-08-03,入院中,軽症・中等症,x,
279,,2020-08-08,70代,男,魚津市,無職,,2020-08-08,入院中,軽症・中等症,x,
280,,2020-08-08,70代,男,魚津市,パート従業員,,2020-08-07,入院中,軽症・中等症,x,
281,,2020-08-08,30代,男,魚津市,会社員,,,入院中,無症状,x,
282,,2020-08-08,50代,男,魚津市,会社員,,,入院中,無症状,x,
283,,2020-08-09,90代以上,女,魚津市,無職,,2020-08-08,入院中,軽症・中等症,x,
284,,2020-08-09,70代,女,魚津市,無職,,2020-08-06,入院中,軽症・中等症,x,
285,,2020-08-09,30代,女,富山市,会社員,,2020-07-30,入院中,軽症・中等症,x,
286,,2020-08-10,30代,男,富山市,,,2020-08-06,入院中,軽症・中等症,x,
287,,2020-08-10,60代,女,魚津市,自営業,,2020-08-08,入院中,軽症・中等症,x,
288,,2020-08-10,50代,女,魚津市,パート従業員,,,入院中,軽症・中等症,x,
289,,2020-08-10,40代,女,黒部市,パート従業員,,,入院中,無症状,x,
290,,2020-08-10,50代,男,黒部市,会社員,,2020-08-07,入院中,軽症・中等症,x,
291,,2020-08-11,20代,女,富山市,会社員,,2020-08-07,入院中,軽症・中等症,x,
292,,2020-08-11,60代,男,富山市,無職,,,入院中,無症状,x,
293,,2020-08-11,70代,男,富山市,会社員,,2020-08-07,入院中,軽症・中等症,x,
294,,2020-08-12,50代,男,魚津市,自営業,,2020-08-07,入院中,軽症・中等症,x,
295,,2020-08-12,60代,男,魚津市,会社員,,2020-08-05,入院中,軽症・中等症,x,
296,,2020-08-12,70代,男,魚津市,無職,,,入院中,無症状,x,
297,,2020-08-12,60代,女,魚津市,無職,,2020-08-06,入院中,軽症・中等症,x,
298,,2020-08-13,80代,男,富山市,無職,,2020-08-06,入院中,軽症・中等症,x,
299,,2020-08-13,10代,女,黒部市,生徒,,2020-08-13,入院中,軽症・中等症,x,
300,,2020-08-13,50代,女,魚津市,公務員,,2020-08-11,入院中,軽症・中等症,x,
301,,2020-08-13,20代,男,南砺市,会社員,,2020-08-11,入院中,軽症・中等症,x,
302,,2020-08-14,20代,女,上市町,学生,,,入院中,無症状,x,
303,,2020-08-14,70代,女,富山市,無職,,2020-08-11,入院中,軽症・中等症,x,
304,,2020-08-14,20代,男,兵庫県,公務員,,2020-08-14,入院中,軽症・中等症,x,
305,,2020-08-14,80代,男,富山市,無職,,,入院中,重症,x,
306,,2020-08-15,50代,女,富山市,無職,,2020-08-13,入院中,軽症・中等症,x,
307,,2020-08-15,70代,女,富山市,無職,,,入院中,無症状,x,
308,,2020-08-16,60代,男,富山市,自営業,,2020-08-12,入院中,軽症・中等症,x,
309,,2020-08-17,40代,男,魚津市,会社員,,2020-08-15,入院中,軽症・中等症,x,
310,,2020-08-17,70代,男,富山市,自営業,,2020-08-07,入院中,軽症・中等症,x,
311,,2020-08-17,70代,男,富山市,自営業,,2020-08-15,入院中,軽症・中等症,x,
312,,2020-08-17,70代,女,富山市,無職,,2020-08-17,入院中,軽症・中等症,x,
313,,2020-08-17,70代,男,富山市,無職,,2020-08-12,入院中,軽症・中等症,x,
314,,2020-08-17,70代,男,富山市,無職,,,入院中,無症状,x,
315,,2020-08-17,50代,男,魚津市,無職,,2020-08-13,入院中,軽症・中等症,x,
316,,2020-08-17,50代,男,富山市,会社員,,2020-08-11,入院中,軽症・中等症,x,
317,,2020-08-18,60代,女,富山市,パート従業員,,2020-08-15,入院中,軽症・中等症,x,
318,,2020-08-18,70代,女,富山市,無職,,,入院中,軽症・中等症,x,
319,,2020-08-18,20代,女,富山市,会社員,,2020-08-15,入院中,軽症・中等症,x,
320,,2020-08-18,70代,女,富山市,自営業,,2020-08-15,入院中,軽症・中等症,x,
321,,2020-08-18,40代,女,魚津市,会社員,,2020-08-14,入院中,軽症・中等症,x,
322,,2020-08-18,80代,男,魚津市,無職,,,入院中,軽症・中等症,x,
323,,2020-08-18,20代,男,富山市,会社員,,2020-08-13,入院中,軽症・中等症,x,
324,,2020-08-19,20代,男,立山町,飲食店店員,,2020-08-17,入院中,軽症・中等症,x,
325,,2020-08-19,70代,男,富山市,無職,,,入院中,無症状,x,
326,,2020-08-19,30代,男,富山市,会社員,,2020-08-14,入院中,軽症・中等症,x,
327,,2020-08-19,20代,女,富山市,無職,,2020-08-11,入院中,軽症・中等症,x,
328,,2020-08-19,50代,女,立山町,パート従業員,,2020-08-08,入院中,軽症・中等症,x,
329,,2020-08-19,30代,女,富山市,パート従業員,,2020-08-17,入院中,軽症・中等症,x,
330,,2020-08-20,40代,男,富山市,会社員,,2020-08-17,入院中,軽症・中等症,x,
331,,2020-08-20,70代,女,富山市,無職,,2020-08-16,入院中,軽症・中等症,x,
332,,2020-08-20,70代,女,富山市,無職,,2020-08-17,入院中,軽症・中等症,x,
333,,2020-08-20,10代,女,富山市,無職,,2020-08-11,入院中,軽症・中等症,x,
334,,2020-08-20,20代,男,富山市,施設職員,,,入院中,無症状,x,
335,,2020-08-21,20代,男,立山町,飲食店店員,,2020-08-16,入院中,軽症・中等症,x,
336,,2020-08-21,40代,男,富山市,会社員,,2020-08-18,入院中,軽症・中等症,x,
337,,2020-08-22,40代,女,立山町,飲食店店員,,2020-08-19,入院中,軽症・中等症,x,
338,,2020-08-22,30代,男,富山市,会社員,,2020-08-18,入院中,軽症・中等症,x,
339,,2020-08-22,20代,女,富山市,飲食店店員,,2020-08-17,入院中,軽症・中等症,x,
340,,2020-08-23,20代,女,富山市,アルバイト,,2020-08-14,入院中,軽症・中等症,x,
341,,2020-08-23,30代,男,富山市,会社員,,2020-08-20,入院中,軽症・中等症,x,
342,,2020-08-24,40代,男,富山市,自営業,,2020-08-18,入院中,軽症・中等症,x,
343,,2020-08-25,60代,男,富山市,会社役員,,,入院中,無症状,x,
344,,2020-08-25,20代,女,富山市,会社員,,2020-08-20,入院中,軽症・中等症,x,
345,,2020-08-25,50代,女,富山市,自営業,,2020-08-20,入院中,軽症・中等症,x,
346,,2020-08-25,20代,女,富山市,飲食店店員,,2020-08-18,入院中,軽症・中等症,x,
347,,2020-08-25,20代,女,富山市,会社員,,2020-08-24,入院中,軽症・中等症,x,
348,,2020-08-25,20代,女,富山市,看護師,,2020-08-20,入院中,軽症・中等症,x,
349,,2020-08-25,40代,男,富山市,自営業,,2020-08-18,入院中,軽症・中等症,x,
350,,2020-08-25,60代,女,富山市,パート従業員,,2020-08-21,入院中,軽症・中等症,x,
351,,2020-08-25,40代,男,富山市,会社員,,2020-08-19,入院中,軽症・中等症,x,
352,,2020-08-26,30代,女,富山市,自営業,,2020-08-19,入院中,軽症・中等症,x,
353,,2020-08-26,10歳未満,男,富山市,,,2020-08-22,入院中,軽症・中等症,x,
354,,2020-08-26,40代,男,富山市,無職,,2020-08-16,入院中,軽症・中等症,x,
355,,2020-08-26,30代,男,富山市,飲食店店員,,2020-08-24,入院中,軽症・中等症,x,
356,,2020-08-26,60代,女,富山市,無職,,2020-08-24,入院中,軽症・中等症,x,
357,,2020-08-26,30代,女,富山市,飲食店店員,,,入院中,無症状,x,
358,,2020-08-26,20代,男,富山市,会社員,,2020-08-24,入院中,軽症・中等症,x,
359,,2020-08-26,40代,男,富山市,会社員,,2020-08-23,入院中,軽症・中等症,x,
360,,2020-08-26,50代,女,富山市,パート従業員,,2020-08-25,入院中,軽症・中等症,x,
361,,2020-08-26,40代,男,富山市,公務員,,2020-08-21,入院中,軽症・中等症,x,
362,,2020-08-26,30代,男,富山市,会社員,,,入院中,無症状,x,
363,,2020-08-26,30代,女,富山市,会社員,,2020-08-17,入院中,軽症・中等症,x,
364,,2020-08-26,40代,男,富山市,会社員,,2020-08-15,入院中,軽症・中等症,x,
365,,2020-08-27,30代,男,富山市,飲食店店員,,2020-08-23,入院中,軽症・中等症,x,
366,,2020-08-27,20代,男,富山市,無職,,2020-08-23,入院中,軽症・中等症,x,
367,,2020-08-27,40代,男,富山市,会社員,,2020-08-17,入院中,軽症・中等症,x,
368,,2020-08-27,30代,男,射水市,会社員,,,入院中,無症状,x,
369,,2020-08-28,20代,女,富山市,飲食店店員,,2020-08-28,入院中,軽症・中等症,x,
370,,2020-08-28,20代,女,富山市,飲食店店員,,,入院中,無症状,x,
371,,2020-08-28,10代,女,上市町,生徒,,2020-08-23,入院中,軽症・中等症,x,
372,,2020-08-28,60代,女,入善町,自営業,,2020-08-26,入院中,軽症・中等症,x,
373,,2020-08-28,20代,女,富山市,会社員,,2020-08-19,入院中,軽症・中等症,x,
374,,2020-08-28,30代,男,富山市,飲食店店員,,,入院中,無症状,x,
375,,2020-08-29,30代,男,富山市,会社員,,2020-08-19,入院中,軽症・中等症,x,
376,,2020-08-29,20代,女,富山市,無職,,2020-08-18,入院中,軽症・中等症,x,
377,,2020-08-29,60代,男,富山市,会社員,,,入院中,無症状,x,
378,,2020-08-29,20代,男,富山市,飲食店店員,,,入院中,無症状,x,
379,,2020-08-29,40代,女,富山市,自営業,,2020-08-24,入院中,軽症・中等症,x,
380,,2020-08-29,20代,女,富山市,自営業,,2020-08-28,入院中,軽症・中等症,x,
381,,2020-08-29,80代,女,富山市,自営業,,2020-08-23,入院中,軽症・中等症,x,
382,,2020-08-29,40代,男,入善町,自営業,,2020-08-25,入院中,軽症・中等症,x,
383,,2020-08-30,30代,男,富山市,会社員,,2020-08-23,入院中,軽症・中等症,x,
384,,2020-08-30,70代,男,東京都,会社員,,2020-08-16,入院中,軽症・中等症,x,
385,,2020-08-30,40代,男,富山市,自営業,,2020-08-25,入院中,軽症・中等症,x,
386,,2020-08-31,20代,男,富山市,学生,,2020-08-28,入院中,軽症・中等症,x,
387,,2020-08-31,40代,男,富山市,会社員,,2020-08-25,入院中,軽症・中等症,x,
388,,2020-08-31,80代,女,富山市,無職,,2020-08-31,入院中,軽症・中等症,x,
389,,2020-08-31,30代,男,富山市,飲食店店員,,2020-08-29,入院中,軽症・中等症,x,
390,,2020-09-01,70代,男,富山市,無職,,2020-08-29,入院中,軽症・中等症,x,
391,,2020-09-01,30代,男,富山市,会社員,,2020-08-29,入院中,軽症・中等症,x,
392,,2020-09-01,70代,女,富山市,自営業,,2020-08-24,入院中,軽症・中等症,x,
393,,2020-09-01,80代,女,富山市,無職,,2020-08-23,入院中,軽症・中等症,x,
394,,2020-09-01,80代,女,富山市,無職,,2020-08-28,入院中,軽症・中等症,x,
395,,2020-09-02,30代,男,富山市,自営業,,,入院中,無症状,x,
396,,2020-09-02,20代,男,富山市,飲食店店員,,,入院中,無症状,x,
397,,2020-09-02,30代,男,富山市,会社役員,,2020-08-25,入院中,軽症・中等症,x,
398,,2020-09-03,70代,男,富山市,自営業,,,入院中,無症状,x,
399,,2020-09-03,60代,男,富山市,無職,,2020-08-27,入院中,軽症・中等症,x,
400,,2020-09-03,50代,女,富山市,会社員,,2020-09-02,入院中,軽症・中等症,x,
401,,2020-09-04,40代,男,富山市,従業員,,2020-08-30,入院中,軽症・中等症,x,
402,,2020-09-04,80代,男,富山市,無職,,2020-08-31,入院中,軽症・中等症,x,
403,,2020-09-07,20代,男,高岡市,会社員,,2020-08-28,入院中,軽症・中等症,x,
404,,2020-09-08,30代,男,富山市,会社員,,2020-09-05,入院中,軽症・中等症,x,
405,,2020-09-08,30代,女,富山市,パート従業員,,2020-09-04,入院中,軽症・中等症,x,
408,,2020-09-08,20代,男,高岡市,会社員,,2020-08-28,入院中,軽症・中等症,x,
409,,2020-09-09,70代,女,富山市,無職,,,入院中,無症状,x,
410,,2020-09-10,10歳未満,女,富山市,,,2020-09-08,入院中,軽症・中等症,x,
411,,2020-09-17,30代,女,高岡市,無職,,2020-09-10,入院中,軽症・中等症,x,
412,,2020-09-18,20代,女,東京都,会社員,,2020-09-14,入院中,軽症・中等症,x,
413,,2020-09-25,70代,男,朝日町,無職,,2020-09-19,入院中,軽症・中等症,x,
414,,2020-09-25,70代,女,朝日町,無職,,2020-09-17,入院中,軽症・中等症,x,
415,,2020-09-28,80代,女,富山市,自営業,,2020-09-23,入院中,軽症・中等症,x,
416,,2020-09-29,60代,男,朝日町,無職,,2020-09-12,入院中,軽症・中等症,x,
417,,2020-09-29,70代,男,朝日町,無職,,2020-09-23,入院中,軽症・中等症,x,
418,,2020-09-29,70代,男,朝日町,無職,,2020-09-15,入院中,軽症・中等症,x,
419,,2020-09-29,50代,女,黒部市,会社員,,2020-09-19,入院中,軽症・中等症,x,
420,,2020-09-30,70代,男,朝日町,自営業,,2020-09-25,入院中,軽症・中等症,x,
421,,2020-09-30,60代,男,黒部市,会社員,,2020-09-28,入院中,軽症・中等症,x,
422,,2020-10-01,40代,男,黒部市,会社員,,2020-09-28,入院中,軽症・中等症,x,
423,,2020-10-01,60代,男,富山市,自営業,,2020-09-27,入院中,軽症・中等症,x,
424,,2020-10-02,60代,男,黒部市,会社員,,2020-09-23,入院中,軽症・中等症,x,
426,,2020-10-29,40代,男,富山市,会社員,,2020-10-28,入院中,軽症・中等症,x,